type_building,Electricity:Facility [kW](Hourly)_mean,Electricity:Facility [kW](Hourly)_std_dev,Electricity:Facility [kW](Hourly)_max_value,Electricity:Facility [kW](Hourly)_min_value,Electricity:Facility [kW](Hourly)_25_percentile,Electricity:Facility [kW](Hourly)_50_percentile,Electricity:Facility [kW](Hourly)_75_percentile,Fans:Electricity [kW](Hourly)_mean,Fans:Electricity [kW](Hourly)_std_dev,Fans:Electricity [kW](Hourly)_max_value,Fans:Electricity [kW](Hourly)_min_value,Fans:Electricity [kW](Hourly)_25_percentile,Fans:Electricity [kW](Hourly)_50_percentile,Fans:Electricity [kW](Hourly)_75_percentile,Cooling:Electricity [kW](Hourly)_mean,Cooling:Electricity [kW](Hourly)_std_dev,Cooling:Electricity [kW](Hourly)_max_value,Cooling:Electricity [kW](Hourly)_min_value,Cooling:Electricity [kW](Hourly)_25_percentile,Cooling:Electricity [kW](Hourly)_50_percentile,Cooling:Electricity [kW](Hourly)_75_percentile,Heating:Electricity [kW](Hourly)_mean,Heating:Electricity [kW](Hourly)_std_dev,Heating:Electricity [kW](Hourly)_max_value,Heating:Electricity [kW](Hourly)_min_value,Heating:Electricity [kW](Hourly)_25_percentile,Heating:Electricity [kW](Hourly)_50_percentile,Heating:Electricity [kW](Hourly)_75_percentile,InteriorLights:Electricity [kW](Hourly)_mean,InteriorLights:Electricity [kW](Hourly)_std_dev,InteriorLights:Electricity [kW](Hourly)_max_value,InteriorLights:Electricity [kW](Hourly)_min_value,InteriorLights:Electricity [kW](Hourly)_25_percentile,InteriorLights:Electricity [kW](Hourly)_50_percentile,InteriorLights:Electricity [kW](Hourly)_75_percentile,InteriorEquipment:Electricity [kW](Hourly)_mean,InteriorEquipment:Electricity [kW](Hourly)_std_dev,InteriorEquipment:Electricity [kW](Hourly)_max_value,InteriorEquipment:Electricity [kW](Hourly)_min_value,InteriorEquipment:Electricity [kW](Hourly)_25_percentile,InteriorEquipment:Electricity [kW](Hourly)_50_percentile,InteriorEquipment:Electricity [kW](Hourly)_75_percentile
RefBldgFullServiceRestaurantNew2004,-2.563145028541001e-16,1.0000570825128188,2.63961169906023,-1.7031578317758618,-0.23839013219344757,0.14527496277388668,0.5098942168655844,7.092246627628283e-16,1.0000570825128188,0.44721359549995876,-2.236067977499789,0.44721359549995876,0.44721359549995876,0.44721359549995876,-5.191179804640001e-17,1.0000570825128186,4.21200729022834,-0.493678746832986,-0.493678746832986,-0.493678746832986,-0.13765683927179517,0.0,0.0,0.0,0.0,0.0,0.0,0.0,1.9426368175176255e-16,1.0000570825128186,0.5599496399302077,-2.0244333135930477,0.1722921969012126,0.5599496399302077,0.5599496399302077,2.0886387495231255e-17,1.0000570825128188,1.090050149400433,-1.5838021273499605,-0.32764767780537535,0.05899718415984505,1.090050149400433
RefBldgFullServiceRestaurantNew2004,-3.666270737027001e-16,1.0000570825128186,2.6574592159978914,-1.6901024266842772,-0.22795052350992176,0.13923196559088213,0.5463163708855938,1.218507790862569e-15,1.0000570825128188,0.44721359549995904,-2.2360679774997885,0.44721359549995904,0.44721359549995904,0.44721359549995904,7.786769706960002e-17,1.0000570825128188,4.143050759704749,-0.5225513410323369,-0.5225513410323369,-0.5223117772997252,0.020672948263003078,0.0,0.0,0.0,0.0,0.0,0.0,0.0,1.9426368175176255e-16,1.0000570825128186,0.5599496399302077,-2.0244333135930477,0.1722921969012126,0.5599496399302077,0.5599496399302077,2.0886387495231255e-17,1.0000570825128188,1.090050149400433,-1.5838021273499605,-0.32764767780537535,0.05899718415984505,1.090050149400433
RefBldgFullServiceRestaurantNew2004,2.4658104072040007e-16,1.0000570825128188,2.4990913382245843,-1.6710500689695527,-0.25894934461705554,0.10218177237227194,0.5799691228512449,1.6181880797276254e-16,1.0000570825128186,0.447213595499958,-2.2360679774997894,0.447213595499958,0.447213595499958,0.447213595499958,1.2977949511600003e-17,1.0000570825128188,3.6982488630263646,-0.5560380466234417,-0.5560380466234417,-0.5556787193465365,0.1773472609042791,0.0,0.0,0.0,0.0,0.0,0.0,0.0,1.9426368175176255e-16,1.0000570825128186,0.5599496399302077,-2.0244333135930477,0.1722921969012126,0.5599496399302077,0.5599496399302077,2.0886387495231255e-17,1.0000570825128188,1.090050149400433,-1.5838021273499605,-0.32764767780537535,0.05899718415984505,1.090050149400433
RefBldgFullServiceRestaurantNew2004,-7.819214580739002e-16,1.0000570825128186,2.9518548435163967,-1.762240416159164,-0.17579498568504115,0.23150681547640536,0.5540655617069312,-5.578490485376814e-16,1.0000570825128188,0.4472135954999572,-2.2360679774997902,0.4472135954999572,0.4472135954999572,0.4472135954999572,1.1680154560440002e-16,1.0000570825128188,5.797919219936176,-0.43851264362271836,-0.43851264362271836,-0.43851264362271836,-0.3731116664345634,0.0,0.0,0.0,0.0,0.0,0.0,0.0,1.9426368175176255e-16,1.0000570825128186,0.5599496399302077,-2.0244333135930477,0.1722921969012126,0.5599496399302077,0.5599496399302077,2.0886387495231255e-17,1.0000570825128188,1.090050149400433,-1.5838021273499605,-0.32764767780537535,0.05899718415984505,1.090050149400433
RefBldgFullServiceRestaurantNew2004,-1.8493578054030005e-16,1.0000570825128188,2.8223401201610687,-1.7632074833587312,-0.16838183079096508,0.2257484168964829,0.5474944759404546,5.951606533835314e-16,1.0000570825128186,0.4472135954999586,-2.236067977499789,0.4472135954999586,0.4472135954999586,0.4472135954999586,3.568936115690001e-17,1.0000570825128188,5.37144029844076,-0.4407347351421289,-0.4407347351421289,-0.4407347351421289,-0.31829707067646984,0.0,0.0,0.0,0.0,0.0,0.0,0.0,1.9426368175176255e-16,1.0000570825128186,0.5599496399302077,-2.0244333135930477,0.1722921969012126,0.5599496399302077,0.5599496399302077,2.0886387495231255e-17,1.0000570825128188,1.090050149400433,-1.5838021273499605,-0.32764767780537535,0.05899718415984505,1.090050149400433
RefBldgHospitalNew2004,-2.887593766331001e-16,1.0000570825128186,1.7845990205633702,-2.6493641017393053,-0.6581859455324239,-0.20065267454024416,1.0796711330673492,1.5346425297467005e-15,1.0000570825128186,8.324663740097654,-0.3800157091622329,-0.3800157091622329,-0.3800157091622329,-0.049139936507184366,-4.542282329060001e-16,1.0000570825128186,1.0537387930276592,-3.504871302200229,0.01825763311671054,0.31836606146085394,0.6293549054267963,0.0,0.0,0.0,0.0,0.0,0.0,0.0,-4.542282329060001e-16,1.0000570825128188,1.3272169744171023,-1.1589674278295061,-1.0261063096313188,-0.3808891403992599,1.3272169744171023,4.461170144612501e-17,1.0000570825128188,1.2559041852371657,-1.1513931856104944,-1.0138287602380551,-0.10187647077791638,1.1641945683222061
RefBldgHospitalNew2004,-3.5689361156900007e-16,1.0000570825128188,1.7985686972951558,-2.5384356313761147,-0.6943294819782204,-0.2165311051729225,1.095797068050628,2.1997624422162006e-15,1.0000570825128188,10.096503960762542,-0.37499529578995705,-0.37499529578995705,-0.37499529578995705,-0.053781151902274546,2.6604796498780004e-16,1.0000570825128188,1.115729505838528,-3.879153051371392,-0.05175667739960993,0.2503439870951013,0.6665585873578018,0.0,0.0,0.0,0.0,0.0,0.0,0.0,-4.542282329060001e-16,1.0000570825128188,1.3272169744171023,-1.1589674278295061,-1.0261063096313188,-0.3808891403992599,1.3272169744171023,4.461170144612501e-17,1.0000570825128188,1.2559041852371657,-1.1513931856104944,-1.0138287602380551,-0.10187647077791638,1.1641945683222061
RefBldgHospitalNew2004,3.893384853480001e-16,1.0000570825128188,1.7387009255489283,-2.816772626157726,-0.7047029786040284,-0.22633559582498647,1.1047014755009936,5.677852911325001e-16,1.0000570825128186,8.697153676530652,-0.36977240692477953,-0.36977240692477953,-0.36977240692477953,-0.07790863607966231,3.504046368132001e-16,1.0000570825128188,1.1180247535568868,-4.1091171888936255,-0.04933124951477044,0.19665279489057205,0.6297038547672648,0.0,0.0,0.0,0.0,0.0,0.0,0.0,-4.542282329060001e-16,1.0000570825128188,1.3272169744171023,-1.1589674278295061,-1.0261063096313188,-0.3808891403992599,1.3272169744171023,4.461170144612501e-17,1.0000570825128188,1.2559041852371657,-1.1513931856104944,-1.0138287602380551,-0.10187647077791638,1.1641945683222061
RefBldgHospitalNew2004,2.2062514169720006e-16,1.0000570825128186,1.9456732582031584,-2.2534728998399887,-0.6953988706222276,-0.12072440552650668,0.8024589994719992,3.828495105922001e-16,1.000057082512819,9.882464243429094,-0.40646082075003004,-0.40646082075003004,-0.40646082075003004,0.0074017025454126036,-1.8169129316240006e-16,1.0000570825128188,1.2707494589054105,-2.3325735030738133,-0.680830421540078,0.3955600670488903,0.7840541100110949,0.0,0.0,0.0,0.0,0.0,0.0,0.0,-4.542282329060001e-16,1.0000570825128188,1.3272169744171023,-1.1589674278295061,-1.0261063096313188,-0.3808891403992599,1.3272169744171023,4.461170144612501e-17,1.0000570825128188,1.2559041852371657,-1.1513931856104944,-1.0138287602380551,-0.10187647077791638,1.1641945683222061
RefBldgHospitalNew2004,3.893384853480001e-17,1.0000570825128188,2.0507177089184867,-2.407855606561496,-0.7377831776033386,-0.14482796612331705,0.807799850259974,-8.500556930098002e-16,1.0000570825128188,13.98864984557021,-0.38136279413806584,-0.38136279413806584,-0.38136279413806584,-0.01222947348924757,2.5955899023200006e-17,1.0000570825128186,1.3405965078363131,-2.7991032963684765,-0.7697940961217862,0.3600428506054918,0.8098263117716664,0.0,0.0,0.0,0.0,0.0,0.0,0.0,-4.542282329060001e-16,1.0000570825128188,1.3272169744171023,-1.1589674278295061,-1.0261063096313188,-0.3808891403992599,1.3272169744171023,4.461170144612501e-17,1.0000570825128188,1.2559041852371657,-1.1513931856104944,-1.0138287602380551,-0.10187647077791638,1.1641945683222061
RefBldgLargeHotelNew2004,5.126290057082002e-16,1.0000570825128188,2.1250341924318064,-2.0677378968972517,-0.7475037881281412,0.09891176895047246,0.7654071780038393,-1.3432177744506004e-15,1.0000570825128188,6.608435123516987,-2.076532612933033,-0.4273335222143098,0.3317550935530251,0.6422453700215285,-1.8169129316240006e-16,1.0000570825128186,1.4174362164999605,-2.1832349305697827,-0.8523745068557781,0.22774399999782785,0.9226068103927322,1.6222436889500003e-17,1.0000570825128188,16.244246421362796,-0.14656538948344183,-0.14656538948344183,-0.14656538948344183,-0.14656538948344183,-7.289957577219065e-17,1.0000570825128188,2.4471479277253665,-1.176337552251503,-0.5119887225057353,-0.4908589343895195,0.40846286436623913,-5.140484689360314e-16,1.0000570825128186,2.169737361794156,-1.46234530434417,-0.7493835659178218,0.16539925345381495,0.7250230402805041
RefBldgLargeHotelNew2004,4.996510561966001e-16,1.0000570825128188,2.1022516482320084,-2.1463434264838135,-0.7127861567489321,0.06300090538078729,0.7545229624969325,-8.370777434982002e-16,1.0000570825128188,12.0198246818381,-1.9960839673342765,-0.42634880502589556,0.2790449167880798,0.5589092022569118,-2.5955899023200005e-16,1.0000570825128186,1.4438581973332627,-2.409207949091993,-0.8142248813817042,0.36118640133252167,0.8659148276135369,-2.5955899023200006e-17,1.0000570825128188,19.532973960928672,-0.10610587581871915,-0.10610587581871915,-0.10610587581871915,-0.10610587581871915,-7.289957577219065e-17,1.0000570825128188,2.4471479277253665,-1.176337552251503,-0.5119887225057353,-0.4908589343895195,0.40846286436623913,-5.140484689360314e-16,1.0000570825128186,2.169737361794156,-1.46234530434417,-0.7493835659178218,0.16539925345381495,0.7250230402805041
RefBldgLargeHotelNew2004,-1.8169129316240006e-16,1.0000570825128188,2.153425083660043,-2.1755905854397914,-0.6514797660366991,0.03462559902655994,0.75058398315322,8.143663318529002e-16,1.000057082512819,12.453888785230575,-1.8858933053581395,-0.2511547570034012,0.2075000101440598,0.47428780386116,1.2977949511600003e-16,1.0000570825128188,1.3898602295680589,-2.4456486910519573,-0.78922353227977,0.40903417179039536,0.8326219098322465,5.840077280220001e-17,1.0000570825128188,20.77511089843236,-0.11256392289210704,-0.11256392289210704,-0.11256392289210704,-0.11256392289210704,-7.289957577219065e-17,1.0000570825128188,2.4471479277253665,-1.176337552251503,-0.5119887225057353,-0.4908589343895195,0.40846286436623913,-5.140484689360314e-16,1.0000570825128186,2.169737361794156,-1.46234530434417,-0.7493835659178218,0.16539925345381495,0.7250230402805041
RefBldgLargeHotelNew2004,-5.061400309524001e-16,1.0000570825128188,2.1639468202302043,-1.9652232881449714,-0.8630808790695819,0.1148419959808735,0.7897391300842256,1.3367287996948003e-15,1.0000570825128186,2.0935092580278636,-2.04400080977517,-0.5534386685741908,0.41526100541681066,0.6901284961595718,-4.023164348596001e-16,1.0000570825128188,1.5510492852569706,-2.0049504972022096,-0.839296559098774,0.0029708005809019385,0.98583133290295,-5.191179804640001e-17,1.0000570825128188,9.883209290980174,-0.22914080085174574,-0.22914080085174574,-0.22914080085174574,-0.22914080085174574,-7.289957577219065e-17,1.0000570825128188,2.4471479277253665,-1.176337552251503,-0.5119887225057353,-0.4908589343895195,0.40846286436623913,-5.140484689360314e-16,1.0000570825128186,2.169737361794156,-1.46234530434417,-0.7493835659178218,0.16539925345381495,0.7250230402805041
RefBldgLargeHotelNew2004,2.9200386401100006e-16,1.0000570825128186,2.1882374471862884,-2.002102032230324,-0.8839858262227971,0.1129667930549419,0.8128724817221958,-8.695226172772002e-16,1.0000570825128188,11.364509697358592,-2.0450359996507883,-0.38801593793705097,0.36898358852941415,0.6589398653301702,2.4658104072040007e-16,1.0000570825128188,1.6057259178379861,-2.0695143589979357,-0.8899022429040694,-0.048488112794539406,1.020776094524133,2.5955899023200006e-17,1.0000570825128186,15.868749094222032,-0.15332731089392015,-0.15332731089392015,-0.15332731089392015,-0.15332731089392015,-7.289957577219065e-17,1.0000570825128188,2.4471479277253665,-1.176337552251503,-0.5119887225057353,-0.4908589343895195,0.40846286436623913,-5.140484689360314e-16,1.0000570825128186,2.169737361794156,-1.46234530434417,-0.7493835659178218,0.16539925345381495,0.7250230402805041
RefBldgLargeOfficeNew2004,-1.2977949511600003e-16,1.0000570825128188,2.041565453135863,-1.1895572606105276,-0.9978506819369553,-0.14239272948490544,0.8280246749225664,1.9142475529610004e-16,1.0000570825128188,7.641825660844307,-1.1532358685653958,-1.1532358685653958,0.6270046691446668,0.6341963536966394,3.893384853480001e-17,1.0000570825128186,1.9223165214158056,-0.874624506531565,-0.874624506531565,-0.6013210893324705,1.0197344031594084,0.0,0.0,0.0,0.0,0.0,0.0,0.0,1.2247939851572503e-16,1.0000570825128188,1.5102143578488474,-0.8608097652334913,-0.8608097652334913,-0.7213377579934196,1.5102143578488474,5.677852911325001e-17,1.0000570825128188,1.5679045310075321,-0.9982767369859962,-0.7844282979872507,-0.5705798589885052,1.1402076530100407
RefBldgLargeOfficeNew2004,-6.164526018010002e-17,1.0000570825128188,2.1110246740242458,-1.185233685956208,-0.9981731012559678,-0.11941952053955482,0.8505710520554852,-7.462320969170003e-17,1.0000570825128188,10.47076424885453,-1.0910370256234017,-1.0910370256234017,0.5801559724646858,0.6096769754465747,-1.5573539413920004e-16,1.0000570825128188,1.949954493727443,-0.9011262716937365,-0.9011262716937365,-0.5739583728828646,1.0988972113448643,0.0,0.0,0.0,0.0,0.0,0.0,0.0,1.2247939851572503e-16,1.0000570825128188,1.5102143578488474,-0.8608097652334913,-0.8608097652334913,-0.7213377579934196,1.5102143578488474,5.677852911325001e-17,1.0000570825128188,1.5679045310075321,-0.9982767369859962,-0.7844282979872507,-0.5705798589885052,1.1402076530100407
RefBldgLargeOfficeNew2004,-5.191179804640001e-17,1.0000570825128188,2.157021930391505,-1.200897339470558,-1.0152839689411295,-0.1179536987200418,0.8708800799251499,-1.6222436889500003e-17,1.0000570825128188,12.33116493788729,-1.0543754941755654,-1.0543754941755654,0.5280456611786211,0.5500501745646742,-3.893384853480001e-17,1.0000570825128188,1.8036365928376117,-0.9311064293574699,-0.9311064293574699,-0.5090696878638422,1.2096514125248312,0.0,0.0,0.0,0.0,0.0,0.0,0.0,1.2247939851572503e-16,1.0000570825128188,1.5102143578488474,-0.8608097652334913,-0.8608097652334913,-0.7213377579934196,1.5102143578488474,5.677852911325001e-17,1.0000570825128188,1.5679045310075321,-0.9982767369859962,-0.7844282979872507,-0.5705798589885052,1.1402076530100407
RefBldgLargeOfficeNew2004,-2.1738065431930006e-16,1.0000570825128188,2.1981795814499714,-1.0784528398498405,-0.8842609588938583,-0.3648072629323588,0.7399441886761836,-1.3951295724970004e-16,1.0000570825128188,5.127169096288315,-1.2375463338450106,-1.2375463338450106,0.6863828658244647,0.6863828658244647,-6.488974755800001e-17,1.0000570825128188,2.345007671757116,-0.6014226059289003,-0.6014226059289003,-0.6014226059289003,0.6181195617423234,0.0,0.0,0.0,0.0,0.0,0.0,0.0,1.2247939851572503e-16,1.0000570825128188,1.5102143578488474,-0.8608097652334913,-0.8608097652334913,-0.7213377579934196,1.5102143578488474,5.677852911325001e-17,1.0000570825128188,1.5679045310075321,-0.9982767369859962,-0.7844282979872507,-0.5705798589885052,1.1402076530100407
RefBldgLargeOfficeNew2004,2.5955899023200006e-17,1.0000570825128186,2.782592938435858,-1.0946513453559692,-0.8966652367026279,-0.30404691714574633,0.7587613001687852,-2.5347557639843755e-17,1.0000570825128188,17.601514341058216,-1.1578173110964929,-1.1578173110964929,0.6481016701294656,0.6481016701294656,5.191179804640001e-17,1.0000570825128188,2.3423348791431353,-0.6040049727541285,-0.6040049727541285,-0.6040049727541285,0.6348267247600747,0.0,0.0,0.0,0.0,0.0,0.0,0.0,1.2247939851572503e-16,1.0000570825128188,1.5102143578488474,-0.8608097652334913,-0.8608097652334913,-0.7213377579934196,1.5102143578488474,5.677852911325001e-17,1.0000570825128188,1.5679045310075321,-0.9982767369859962,-0.7844282979872507,-0.5705798589885052,1.1402076530100407
RefBldgMediumOfficeNew2004,8.597891551435002e-17,1.0000570825128188,3.927385816030763,-1.264860388124063,-0.9001981405787617,-0.15167234958105436,0.8787187446102873,-3.893384853480001e-17,1.0000570825128186,3.9299102219485325,-1.1309063089439166,-1.1309063089439166,0.567820485000175,0.5841646053724172,1.2977949511600003e-16,1.0000570825128188,4.913496132124202,-0.6278647021132894,-0.6278647021132894,-0.6136176083633755,0.3147875701822842,6.488974755800001e-17,1.0000570825128188,8.577770540212361,-0.4853900843638004,-0.4853900843638004,-0.4853900843638004,-0.010558403441051224,3.001150824557501e-17,1.0000570825128186,1.5102143578483553,-0.8608097652335319,-0.8608097652335319,-0.7213377579938187,1.5102143578483553,-4.055609222375001e-16,1.0000570825128188,1.9178267205989523,-0.9298010167674072,-0.7219560634505097,-0.6487733187252717,1.379177886232315
RefBldgMediumOfficeNew2004,-1.5249090676130005e-16,1.0000570825128188,4.035485717438366,-1.2608817364410165,-0.8907969119092096,-0.17012489301795175,0.8955222550126761,6.164526018010002e-17,1.0000570825128188,4.064132373149907,-1.105338900383783,-1.105338900383783,0.5587018725643712,0.5907220608483019,9.084564658120003e-17,1.0000570825128188,5.323877890923146,-0.6502014246223389,-0.6502014246223389,-0.6318807997906823,0.36543210345419397,0.0,1.0000570825128188,9.979931987976435,-0.45910170718020915,-0.45910170718020915,-0.45910170718020915,-0.057045725977862394,3.001150824557501e-17,1.0000570825128186,1.5102143578483553,-0.8608097652335319,-0.8608097652335319,-0.7213377579938187,1.5102143578483553,-4.055609222375001e-16,1.0000570825128188,1.9178267205989523,-0.9298010167674072,-0.7219560634505097,-0.6487733187252717,1.379177886232315
RefBldgMediumOfficeNew2004,-4.526059892170501e-16,1.0000570825128188,3.9625794467036743,-1.2666636237406261,-0.9004224303989529,-0.15675605284395944,0.8828539398717549,-1.3302398249390002e-16,1.0000570825128186,4.252968989413373,-1.1078257506640956,-1.1078257506640956,0.5479584488948768,0.5771177836040527,9.084564658120003e-17,1.0000570825128188,5.047750868563366,-0.6766459345369771,-0.6766459345369771,-0.6231648109214054,0.44119482215515665,-1.2977949511600003e-17,1.0000570825128188,9.935619322933235,-0.4519787870500684,-0.4519787870500684,-0.4519787870500684,-0.07445346840616457,3.001150824557501e-17,1.0000570825128186,1.5102143578483553,-0.8608097652335319,-0.8608097652335319,-0.7213377579938187,1.5102143578483553,-4.055609222375001e-16,1.0000570825128188,1.9178267205989523,-0.9298010167674072,-0.7219560634505097,-0.6487733187252717,1.379177886232315
RefBldgMediumOfficeNew2004,1.4275744462760003e-16,1.0000570825128186,4.262923691060491,-1.2494249933207346,-0.885656435045252,-0.22438316911374356,0.8170704331016831,3.568936115690001e-17,1.0000570825128188,4.204868762293508,-1.1921914672201368,-1.1921914672201368,0.6395989881955932,0.6409692154623259,-7.786769706960002e-17,1.0000570825128188,6.039362509170688,-0.5028274907564714,-0.5028274907564714,-0.5028274907564714,-0.0905004355912691,1.2977949511600003e-17,1.0000570825128186,8.072805060104804,-0.5226229786475641,-0.5226229786475641,-0.5226229786475641,0.07457528969958448,3.001150824557501e-17,1.0000570825128186,1.5102143578483553,-0.8608097652335319,-0.8608097652335319,-0.7213377579938187,1.5102143578483553,-4.055609222375001e-16,1.0000570825128188,1.9178267205989523,-0.9298010167674072,-0.7219560634505097,-0.6487733187252717,1.379177886232315
RefBldgMediumOfficeNew2004,4.5422823290600014e-17,1.0000570825128188,4.157710548191855,-1.262857909013396,-0.8849580760492385,-0.23281038617250405,0.8699635242404494,1.2166827667125003e-17,1.0000570825128186,3.6717780573186736,-1.167372959640306,-1.167372959640306,0.6249368305967078,0.6252305780570244,-1.2977949511600003e-17,1.0000570825128188,5.691732981076671,-0.5001003287313196,-0.5001003287313196,-0.5001003287313196,-0.07375548921058224,6.488974755800001e-17,1.0000570825128188,8.509460007589915,-0.5242264462942502,-0.5242264462942502,-0.5242264462942502,0.10041928699378135,3.001150824557501e-17,1.0000570825128186,1.5102143578483553,-0.8608097652335319,-0.8608097652335319,-0.7213377579938187,1.5102143578483553,-4.055609222375001e-16,1.0000570825128188,1.9178267205989523,-0.9298010167674072,-0.7219560634505097,-0.6487733187252717,1.379177886232315
RefBldgMidriseApartmentNew2004,4.217833591270001e-17,1.0000570825128186,3.687513804571451,-1.1893269801365418,-0.8193334372060413,-0.26263861972168406,0.6322217385429881,9.084564658120003e-17,1.0000570825128188,3.4837580476327523,-1.1654570032439937,-0.7593663454952133,-0.32568632687734894,0.5049729495760702,5.191179804640001e-17,1.0000570825128188,4.151294108894325,-0.6408949692890039,-0.6408949692890039,-0.5436697450241681,0.3019407682442826,0.0,0.0,0.0,0.0,0.0,0.0,0.0,-3.93089923878697e-16,1.0000570825128188,2.326384124507083,-0.9861267838020557,-0.6559408090166678,-0.5600803647253229,0.3381675021634904,4.8160359515703135e-17,1.0000570825128188,1.8468899834199404,-1.5098296169263223,-0.7802287747742713,-0.1035420628407075,0.8016686159134385
RefBldgMidriseApartmentNew2004,3.2444873779000007e-16,1.0000570825128188,3.6167328452791874,-1.19289287777855,-0.8204479994379393,-0.2556602614656416,0.6328187940168847,1.2166827667125003e-16,1.0000570825128186,3.4500314409117734,-1.1513533133103728,-0.7648018226299196,-0.3244411357637025,0.46554954693717787,3.893384853480001e-17,1.0000570825128188,4.344879841919007,-0.683134190931828,-0.683134190931828,-0.5225212673872035,0.3464264295302332,0.0,0.0,0.0,0.0,0.0,0.0,0.0,-3.93089923878697e-16,1.0000570825128188,2.326384124507083,-0.9861267838020557,-0.6559408090166678,-0.5600803647253229,0.3381675021634904,4.8160359515703135e-17,1.0000570825128188,1.8468899834199404,-1.5098296169263223,-0.7802287747742713,-0.1035420628407075,0.8016686159134385
RefBldgMidriseApartmentNew2004,1.4275744462760003e-16,1.0000570825128188,3.4567101908638156,-1.2093904023116506,-0.825423813460761,-0.26429947393521974,0.666868245053557,9.490125580357503e-17,1.000057082512819,3.1525546763557006,-1.158626973940698,-0.7825687919610824,-0.33801974494609044,0.5272933690756872,-5.191179804640001e-17,1.0000570825128188,3.9757926771027674,-0.7159462410581046,-0.7159462410581046,-0.5381615864999337,0.41867729431068984,0.0,0.0,0.0,0.0,0.0,0.0,0.0,-3.93089923878697e-16,1.0000570825128188,2.326384124507083,-0.9861267838020557,-0.6559408090166678,-0.5600803647253229,0.3381675021634904,4.8160359515703135e-17,1.0000570825128188,1.8468899834199404,-1.5098296169263223,-0.7802287747742713,-0.1035420628407075,0.8016686159134385
RefBldgMidriseApartmentNew2004,-1.3464622618285003e-16,1.0000570825128186,4.498080703408517,-1.195979869530972,-0.8142713937104402,-0.2715615761038682,0.62715270364051,-3.893384853480001e-17,1.0000570825128188,3.8780242668615688,-1.2522484464486912,-0.810662693962737,-0.31070671433338487,0.66021354334854,6.488974755800001e-17,1.0000570825128188,5.9825184480734706,-0.5920564018520736,-0.5920564018520736,-0.5341444896586689,0.1785419294652567,0.0,1.0000570825128188,13.836347575325998,-0.13357920096664003,-0.13357920096664003,-0.13357920096664003,-0.13357920096664003,-3.93089923878697e-16,1.0000570825128188,2.326384124507083,-0.9861267838020557,-0.6559408090166678,-0.5600803647253229,0.3381675021634904,4.8160359515703135e-17,1.0000570825128188,1.8468899834199404,-1.5098296169263223,-0.7802287747742713,-0.1035420628407075,0.8016686159134385
RefBldgMidriseApartmentNew2004,2.9200386401100006e-16,1.0000570825128186,4.04719992784537,-1.189913473367751,-0.8084102751014255,-0.2543203272975618,0.6081857806719926,5.840077280220001e-17,1.0000570825128186,4.246503636827776,-1.2960012957504115,-0.7773316286433517,-0.23110784310931026,0.5035414221401895,1.2977949511600003e-16,1.0000570825128188,5.224065106160278,-0.6000706467910836,-0.6000706467910836,-0.5591002649244421,0.2594971853786738,3.650048300137501e-17,1.0000570825128186,17.874299706529257,-0.07607131284041775,-0.07607131284041775,-0.07607131284041775,-0.07607131284041775,-3.93089923878697e-16,1.0000570825128188,2.326384124507083,-0.9861267838020557,-0.6559408090166678,-0.5600803647253229,0.3381675021634904,4.8160359515703135e-17,1.0000570825128188,1.8468899834199404,-1.5098296169263223,-0.7802287747742713,-0.1035420628407075,0.8016686159134385
RefBldgOutPatientNew2004,1.0220135240385003e-16,1.0000570825128186,2.3433536044757584,-1.5609811511695035,-0.8851025141060527,-0.27886095776565345,0.9592519098440145,1.8088017131792505e-16,1.0000570825128188,2.0098655938279926,-2.9460336884545675,-0.8569627689496553,0.49412564654971725,0.7098684715748653,3.893384853480001e-17,1.0000570825128188,3.6438195027733413,-1.3596592848849547,-0.7591563605705562,-0.3394711938740999,0.5232323407629692,0.0,1.0000570825128188,10.108391276399455,-0.5705200828124325,-0.5705200828124325,-0.5446718965200701,0.27611104015641186,1.1355705822650004e-17,1.000057082512819,1.332115278057533,-1.0906224079821552,-0.9481084264503274,-0.3780525003257823,1.332115278057533,-1.4437968831655004e-16,1.0000570825128188,1.431004736081613,-0.9888554232697204,-0.9888554232697204,-0.36882705271012717,1.1410372363602101
RefBldgOutPatientNew2004,-3.2444873779000007e-17,1.0000570825128188,2.5473014419313746,-1.660305204171671,-0.8893058853564149,-0.2633307917490309,0.9352589523482486,-1.7439119656212505e-17,1.0000570825128186,2.022912138037228,-2.8854892078385945,-0.8765116060222853,0.49075270200048904,0.7142131721133834,-1.1680154560440002e-16,1.0000570825128188,3.958525667693683,-1.42792318063019,-0.8001178568872328,-0.3012916097783218,0.5487524592053264,7.786769706960002e-17,1.0000570825128188,8.949921658134826,-0.5468980964170557,-0.5468980964170557,-0.531958007951562,0.20053698533417413,1.1355705822650004e-17,1.000057082512819,1.332115278057533,-1.0906224079821552,-0.9481084264503274,-0.3780525003257823,1.332115278057533,-1.4437968831655004e-16,1.0000570825128188,1.431004736081613,-0.9888554232697204,-0.9888554232697204,-0.36882705271012717,1.1410372363602101
RefBldgOutPatientNew2004,-6.813423493590002e-17,1.0000570825128186,2.4736074605820444,-1.611211460101737,-0.8946093660143125,-0.2606606173894512,0.9482626386247511,-6.853979585813752e-17,1.0000570825128188,2.0790169025844207,-2.8513841692841724,-0.9042442783142145,0.48720988536030285,0.7103337670743657,2.5955899023200005e-16,1.0000570825128188,3.725636173526885,-1.4501965931330325,-0.8191387033772762,-0.28218415611697506,0.6113255449575967,-9.084564658120003e-17,1.0000570825128188,8.890873366359362,-0.5237700089154919,-0.5237700089154919,-0.5145480763961772,0.18003091606321542,1.1355705822650004e-17,1.000057082512819,1.332115278057533,-1.0906224079821552,-0.9481084264503274,-0.3780525003257823,1.332115278057533,-1.4437968831655004e-16,1.0000570825128188,1.431004736081613,-0.9888554232697204,-0.9888554232697204,-0.36882705271012717,1.1410372363602101
RefBldgOutPatientNew2004,-1.6871334365080005e-16,1.0000570825128186,2.4108734499754285,-1.5871604199542704,-0.8837626000377912,-0.2640102802935188,0.9458702224112716,-2.4374211426473757e-16,1.0000570825128188,1.774588757174192,-2.9652331258867033,-0.8506409508436004,0.5145624158251045,0.7228534287951083,3.893384853480001e-17,1.0000570825128186,4.022319115395839,-1.1215109074873264,-0.7264956477191651,-0.34310705124106256,0.5094309417892883,-1.4275744462760003e-16,1.0000570825128188,7.261989104689011,-0.5992382552424969,-0.5992382552424969,-0.5567887300701742,0.3070517271787308,1.1355705822650004e-17,1.000057082512819,1.332115278057533,-1.0906224079821552,-0.9481084264503274,-0.3780525003257823,1.332115278057533,-1.4437968831655004e-16,1.0000570825128188,1.431004736081613,-0.9888554232697204,-0.9888554232697204,-0.36882705271012717,1.1410372363602101
RefBldgOutPatientNew2004,-3.4249619882956884e-16,1.0000570825128188,2.3843186670077223,-1.577814553206486,-0.8856306188581342,-0.2771992963646869,0.9561079733602971,-1.8331353685135004e-16,1.000057082512819,1.864165219219421,-2.878613441370554,-0.8514747362811192,0.509791590505275,0.7222322190663534,-7.786769706960002e-17,1.0000570825128188,3.9210327305496397,-1.1933308226246158,-0.7283654949048527,-0.3824978184515158,0.5358502482707614,1.2977949511600003e-17,1.0000570825128188,10.20151636225272,-0.5995437910707503,-0.5995437910707503,-0.5644941652046556,0.3447988253036819,1.1355705822650004e-17,1.000057082512819,1.332115278057533,-1.0906224079821552,-0.9481084264503274,-0.3780525003257823,1.332115278057533,-1.4437968831655004e-16,1.0000570825128188,1.431004736081613,-0.9888554232697204,-0.9888554232697204,-0.36882705271012717,1.1410372363602101
RefBldgPrimarySchoolNew2004,8.597891551435002e-17,1.0000570825128188,3.8810304990655027,-0.9487092447231023,-0.7166388441249067,-0.647156615344223,0.9235947378462346,1.1680154560440002e-16,1.0000570825128188,4.829534306755834,-0.8490663644246578,-0.8490663644246578,-0.5127507790273558,0.5931969162932242,-1.9466924267400005e-17,1.0000570825128186,5.22256933511336,-0.4411030158958362,-0.4411030158958362,-0.4411030158958362,-0.21162215156027409,0.0,0.0,0.0,0.0,0.0,0.0,0.0,-1.4356856647207504e-16,1.0000570825128186,1.380679586016104,-0.7743883875875139,-0.7743883875875139,-0.7743883875875139,1.380679586016104,3.504046368132001e-16,1.0000570825128188,2.0372703529506233,-0.8630878210283247,-0.4964944997795674,-0.4964944997795674,0.08267301333740348
RefBldgPrimarySchoolNew2004,7.624545338065002e-17,1.000057082512819,3.69879631185267,-0.945318883500899,-0.720097330708808,-0.6649507783013768,0.8945502012573625,1.8980251160715006e-16,1.0000570825128188,4.645449157806175,-0.8339387302765648,-0.8339387302765648,-0.5691436967854916,0.5861828524240659,-3.2444873779000007e-17,1.0000570825128186,5.233320881531034,-0.46353025476908133,-0.46353025476908133,-0.46353025476908133,-0.16745946113324817,0.0,0.0,0.0,0.0,0.0,0.0,0.0,-1.4356856647207504e-16,1.0000570825128186,1.380679586016104,-0.7743883875875139,-0.7743883875875139,-0.7743883875875139,1.380679586016104,3.504046368132001e-16,1.0000570825128188,2.0372703529506233,-0.8630878210283247,-0.4964944997795674,-0.4964944997795674,0.08267301333740348
RefBldgPrimarySchoolNew2004,-1.3140173880495004e-16,1.0000570825128188,3.5405812645491452,-0.9402304422164813,-0.7226670071772017,-0.6604224378276824,0.8376072808686406,-8.922340289225002e-17,1.0000570825128188,4.549080246956768,-0.8341235621057944,-0.8341235621057944,-0.5573076553770913,0.5623332933217693,6.488974755800001e-17,1.0000570825128186,4.811473223429244,-0.4876109256453205,-0.4876109256453205,-0.4876109256453205,-0.04428358063215092,0.0,0.0,0.0,0.0,0.0,0.0,0.0,-1.4356856647207504e-16,1.0000570825128186,1.380679586016104,-0.7743883875875139,-0.7743883875875139,-0.7743883875875139,1.380679586016104,3.504046368132001e-16,1.0000570825128188,2.0372703529506233,-0.8630878210283247,-0.4964944997795674,-0.4964944997795674,0.08267301333740348
RefBldgPrimarySchoolNew2004,-1.0139023055937502e-16,1.0000570825128188,3.9405847665318934,-0.9652949447539488,-0.7117206280500984,-0.6776617996468908,0.989353136807774,-9.246789027015003e-17,1.0000570825128188,5.123869669780094,-0.906440624152605,-0.906440624152605,-0.24829229610039075,0.685030729304275,2.9200386401100005e-17,1.0000570825128186,6.637240840407109,-0.3983459876835818,-0.3983459876835818,-0.3983459876835818,-0.398049168998448,0.0,0.0,0.0,0.0,0.0,0.0,0.0,-1.4356856647207504e-16,1.0000570825128186,1.380679586016104,-0.7743883875875139,-0.7743883875875139,-0.7743883875875139,1.380679586016104,3.504046368132001e-16,1.0000570825128188,2.0372703529506233,-0.8630878210283247,-0.4964944997795674,-0.4964944997795674,0.08267301333740348
RefBldgPrimarySchoolNew2004,1.6222436889500004e-18,1.0000570825128186,4.041615478148395,-0.9599174510515538,-0.7062526037678578,-0.6824380271299701,0.9318702660559904,-5.191179804640001e-17,1.0000570825128186,4.923270297228191,-0.8619074161719733,-0.8619074161719733,-0.5174488652807787,0.6583122031194402,8.111218444750002e-17,1.0000570825128186,6.226611200030705,-0.38810864227561787,-0.38810864227561787,-0.38810864227561787,-0.3878364037890757,0.0,0.0,0.0,0.0,0.0,0.0,0.0,-1.4356856647207504e-16,1.0000570825128186,1.380679586016104,-0.7743883875875139,-0.7743883875875139,-0.7743883875875139,1.380679586016104,3.504046368132001e-16,1.0000570825128188,2.0372703529506233,-0.8630878210283247,-0.4964944997795674,-0.4964944997795674,0.08267301333740348
RefBldgQuickServiceRestaurantNew2004,-3.179597630342001e-16,1.0000570825128188,2.444994621173167,-1.748980504434791,-0.3279159359242919,0.25102542064194283,0.6487967882964549,1.632382712005938e-16,1.0000570825128188,0.4471957340163683,-2.2365518090087217,0.4471957340163683,0.4471957340163683,0.4471957340163683,-3.893384853480001e-17,1.0000570825128188,4.751019277450977,-0.4715218881929711,-0.4715218881929711,-0.4715218881929711,-0.12247210031712592,0.0,0.0,0.0,0.0,0.0,0.0,0.0,2.798370363438751e-17,1.0000570825128188,0.5599496399301449,-2.0244333135934722,0.1722921969015188,0.5599496399301449,0.5599496399301449,1.6993002641751254e-16,1.0000570825128188,1.0207402388106708,-1.5985265505265052,-0.3562926568605907,0.019261769231571396,1.0207402388106708
RefBldgQuickServiceRestaurantNew2004,-4.055609222375001e-17,1.0000570825128188,2.456325494144996,-1.741664291545665,-0.2962977747576101,0.2341321260976885,0.6565325665069803,5.111081522498095e-16,1.0000570825128186,0.4472135954999585,-2.236067977499789,0.4472135954999585,0.4472135954999585,0.4472135954999585,-5.191179804640001e-17,1.0000570825128186,4.701130660916332,-0.4976254137626164,-0.4976254137626164,-0.4976254137626164,-0.028284989304550243,0.0,0.0,0.0,0.0,0.0,0.0,0.0,2.798370363438751e-17,1.0000570825128188,0.5599496399301449,-2.0244333135934722,0.1722921969015188,0.5599496399301449,0.5599496399301449,1.6993002641751254e-16,1.0000570825128188,1.0207402388106708,-1.5985265505265052,-0.3562926568605907,0.019261769231571396,1.0207402388106708
RefBldgQuickServiceRestaurantNew2004,4.5422823290600014e-17,1.0000570825128186,2.4453933599212556,-1.7290667228864594,-0.2882925829772912,0.2071409880979226,0.6654561890452949,2.460740895676032e-16,1.000057082512819,0.4472135954999581,-2.23606797749979,0.4472135954999581,0.4472135954999581,0.4472135954999581,-5.191179804640001e-17,1.0000570825128186,4.220864670060672,-0.5276857949696072,-0.5276857949696072,-0.5276857949696072,0.05263660062375948,0.0,0.0,0.0,0.0,0.0,0.0,0.0,2.798370363438751e-17,1.0000570825128188,0.5599496399301449,-2.0244333135934722,0.1722921969015188,0.5599496399301449,0.5599496399301449,1.6993002641751254e-16,1.0000570825128188,1.0207402388106708,-1.5985265505265052,-0.3562926568605907,0.019261769231571396,1.0207402388106708
RefBldgQuickServiceRestaurantNew2004,1.9304699898505005e-16,1.0000570825128188,2.692002563312194,-1.7858593822317161,-0.28183489652809623,0.22075169801209008,0.6935883297507341,3.5993531848578134e-16,1.0000570825128188,0.44720911974001454,-2.236332503480233,0.44720911974001454,0.44720911974001454,0.44720911974001454,-2.2711411645300007e-17,1.0000570825128188,6.788629766834131,-0.4180400908312304,-0.4180400908312304,-0.4180400908312304,-0.3478684184296407,0.0,0.0,0.0,0.0,0.0,0.0,0.0,2.798370363438751e-17,1.0000570825128188,0.5599496399301449,-2.0244333135934722,0.1722921969015188,0.5599496399301449,0.5599496399301449,1.6993002641751254e-16,1.0000570825128188,1.0207402388106708,-1.5985265505265052,-0.3562926568605907,0.019261769231571396,1.0207402388106708
RefBldgQuickServiceRestaurantNew2004,3.682493173916501e-16,1.0000570825128188,2.5419934395720305,-1.7884912690533192,-0.28823618198297607,0.22333382139638674,0.702466498076685,-3.2546264009559385e-17,1.0000570825128188,0.4471372496144771,-2.2376992012674157,0.4471372496144771,0.4471372496144771,0.4471372496144771,-6.488974755800001e-17,1.0000570825128186,6.128554238342241,-0.4215253141550279,-0.4215253141550279,-0.4215253141550279,-0.2603689757118617,0.0,0.0,0.0,0.0,0.0,0.0,0.0,2.798370363438751e-17,1.0000570825128188,0.5599496399301449,-2.0244333135934722,0.1722921969015188,0.5599496399301449,0.5599496399301449,1.6993002641751254e-16,1.0000570825128188,1.0207402388106708,-1.5985265505265052,-0.3562926568605907,0.019261769231571396,1.0207402388106708
RefBldgSecondarySchoolNew2004,-5.5156285424300014e-17,1.0000570825128188,2.6977965228882765,-0.9192480227434813,-0.8249296594120344,-0.5145254564415929,0.36182285852805723,-8.679003735882503e-17,1.0000570825128186,1.9458926184797478,-0.9525054819528107,-0.9525054819528107,-0.6966557816602712,1.012424588016235,-1.9466924267400005e-17,1.0000570825128188,2.619974714224202,-0.6329558202825666,-0.6329558202825666,-0.6329508539142709,0.2796846720565188,0.0,0.0,0.0,0.0,0.0,0.0,0.0,1.5654651598367505e-16,1.0000570825128188,1.3806795860161045,-0.7743883875875138,-0.7743883875875138,-0.7743883875875138,1.3806795860161045,8.922340289225002e-18,1.0000570825128186,2.0305107339145043,-0.8432972398951232,-0.5033636629331913,-0.5033636629331913,0.1475412540410931
RefBldgSecondarySchoolNew2004,-1.6222436889500003e-17,1.0000570825128188,2.6210631773294177,-0.914334815999997,-0.8236499346498362,-0.535101106273155,0.42383942799149665,1.3789071356075003e-16,1.0000570825128186,1.9385963707411171,-0.9370639914542935,-0.9370639914542935,-0.7334793204882897,1.011382843249478,-1.9466924267400005e-17,1.0000570825128186,2.61911440356571,-0.6512681446951728,-0.6512681446951728,-0.6512681446951728,0.4585621333699969,0.0,0.0,0.0,0.0,0.0,0.0,0.0,1.5654651598367505e-16,1.0000570825128188,1.3806795860161045,-0.7743883875875138,-0.7743883875875138,-0.7743883875875138,1.3806795860161045,8.922340289225002e-18,1.0000570825128186,2.0305107339145043,-0.8432972398951232,-0.5033636629331913,-0.5033636629331913,0.1475412540410931
RefBldgSecondarySchoolNew2004,-8.435667182540002e-17,1.0000570825128186,2.5153119066570206,-0.9359444400268158,-0.8476610629531666,-0.46309320963243483,0.5784235264827269,9.895686502595003e-17,1.000057082512819,1.9015091977454925,-0.9401388732893321,-0.9401388732893321,-0.7218769794496553,1.0047927488958368,-1.0382359609280002e-16,1.0000570825128188,2.4078404133844344,-0.6902582823015534,-0.6902582823015534,-0.6902525123487864,0.7397493676908946,0.0,0.0,0.0,0.0,0.0,0.0,0.0,1.5654651598367505e-16,1.0000570825128188,1.3806795860161045,-0.7743883875875138,-0.7743883875875138,-0.7743883875875138,1.3806795860161045,8.922340289225002e-18,1.0000570825128186,2.0305107339145043,-0.8432972398951232,-0.5033636629331913,-0.5033636629331913,0.1475412540410931
RefBldgSecondarySchoolNew2004,-2.2711411645300007e-17,1.0000570825128188,2.8928709598977287,-0.8418451792445665,-0.7415615731165094,-0.6196414492365352,0.34598341275996525,-1.2653500773810003e-16,1.0000570825128188,1.9707422575404177,-0.9788348691403024,-0.9788348691403024,-0.6313145151070122,1.0293895181517292,-3.893384853480001e-17,1.0000570825128188,3.1833677643282488,-0.5094360751467214,-0.5094360751467214,-0.5094360751467214,-0.28456061350889633,0.0,0.0,0.0,0.0,0.0,0.0,0.0,1.5654651598367505e-16,1.0000570825128188,1.3806795860161045,-0.7743883875875138,-0.7743883875875138,-0.7743883875875138,1.3806795860161045,8.922340289225002e-18,1.0000570825128186,2.0305107339145043,-0.8432972398951232,-0.5033636629331913,-0.5033636629331913,0.1475412540410931
RefBldgSecondarySchoolNew2004,6.4889747558000015e-18,1.0000570825128186,3.0285319234352746,-0.8577751692581088,-0.7553295382801222,-0.603834584971831,0.3509261564372954,-3.351961022292938e-16,1.0000570825128186,1.9522540388930465,-0.9529426219091421,-0.9529426219091421,-0.7006313346370282,1.03139179879729,1.2977949511600003e-16,1.0000570825128186,2.993907000278707,-0.5210826111126645,-0.5210826111126645,-0.5210826111126645,-0.15454643436796317,0.0,0.0,0.0,0.0,0.0,0.0,0.0,1.5654651598367505e-16,1.0000570825128188,1.3806795860161045,-0.7743883875875138,-0.7743883875875138,-0.7743883875875138,1.3806795860161045,8.922340289225002e-18,1.0000570825128186,2.0305107339145043,-0.8432972398951232,-0.5033636629331913,-0.5033636629331913,0.1475412540410931
RefBldgSmallHotelNew2004,6.813423493590002e-17,1.0000570825128188,3.1361837310217675,-1.6067634789531882,-0.7624936878897259,-0.05027194878507357,0.7640157426894756,-6.748533746032002e-16,1.0000570825128188,3.6814777388484394,-1.1868012921471895,-0.8471417376362256,-0.2956378018957073,0.6677863767297695,-1.2329052036020004e-16,1.0000570825128188,3.530237901133422,-1.0137918984327416,-0.7765789100467885,-0.35894717281127453,0.5069571390273047,1.9466924267400005e-17,1.0000570825128188,12.032016304688092,-0.3012818797606938,-0.3012818797606938,-0.3012818797606938,-0.28522053101560796,-2.8429820648848757e-16,1.0000570825128188,2.089302623416338,-1.44326856218029,-0.6709808863195263,-0.14610948015981512,0.5427050083034651,8.20246965225344e-17,1.0000570825128188,2.6758182517306826,-1.3050206604957382,-0.9402049324526063,-0.20776621052205846,0.9252919511077642
RefBldgSmallHotelNew2004,3.504046368132001e-16,1.0000570825128186,3.1724282100928156,-1.6056956499726303,-0.7677750437112859,-0.07042416707774665,0.7522937348248642,-6.229415765568002e-16,1.0000570825128188,3.706086808745033,-1.238774157245068,-0.8609834977074824,-0.25696310202387507,0.6613040598120788,-3.893384853480001e-17,1.0000570825128188,3.6172714244974915,-1.0811142209002529,-0.8066294916686809,-0.3177960176403047,0.5394170395458147,5.191179804640001e-17,1.0000570825128188,10.658328216374134,-0.29999261599716437,-0.29999261599716437,-0.29999261599716437,-0.29999261599716437,-2.8429820648848757e-16,1.0000570825128188,2.089302623416338,-1.44326856218029,-0.6709808863195263,-0.14610948015981512,0.5427050083034651,8.20246965225344e-17,1.0000570825128188,2.6758182517306826,-1.3050206604957382,-0.9402049324526063,-0.20776621052205846,0.9252919511077642
RefBldgSmallHotelNew2004,4.412502833944001e-16,1.0000570825128186,3.0681824158359334,-1.615666870754661,-0.7890816226938075,-0.025642484243975684,0.7463358030374296,5.450738794872002e-16,1.0000570825128188,3.474504064750825,-1.2661288894278835,-0.8834906434635986,-0.2188839124116297,0.6956061302703915,7.137872231380002e-17,1.0000570825128188,3.3803368723276295,-1.0997661987182126,-0.8176066325521236,-0.3250326360921648,0.6120930043001516,-3.893384853480001e-17,1.0000570825128186,11.959133447624517,-0.2596484634239338,-0.2596484634239338,-0.2596484634239338,-0.2596484634239338,-2.8429820648848757e-16,1.0000570825128188,2.089302623416338,-1.44326856218029,-0.6709808863195263,-0.14610948015981512,0.5427050083034651,8.20246965225344e-17,1.0000570825128188,2.6758182517306826,-1.3050206604957382,-0.9402049324526063,-0.20776621052205846,0.9252919511077642
RefBldgSmallHotelNew2004,1.2977949511600003e-16,1.0000570825128188,3.1155880237201528,-1.6786261021958049,-0.7566262571729594,-0.017316232410593373,0.7787608108461894,-7.462320969170003e-17,1.0000570825128188,4.024867474238064,-1.2619243331644268,-0.8212747148999766,-0.30370643768520955,0.6410297195908922,1.5573539413920004e-16,1.0000570825128188,4.232316624364119,-0.979611386455118,-0.7811450900676966,-0.35836564225961376,0.524305973692361,7.786769706960002e-17,1.0000570825128186,7.366575883367788,-0.41245629282953666,-0.41245629282953666,-0.41245629282953666,-0.3322787371087579,-2.8429820648848757e-16,1.0000570825128188,2.089302623416338,-1.44326856218029,-0.6709808863195263,-0.14610948015981512,0.5427050083034651,8.20246965225344e-17,1.0000570825128188,2.6758182517306826,-1.3050206604957382,-0.9402049324526063,-0.20776621052205846,0.9252919511077642
RefBldgSmallHotelNew2004,1.4600193200550003e-16,1.0000570825128186,3.2270390775543243,-1.6042032876786467,-0.7461168678305159,-0.06867506199670134,0.7749794718102567,9.084564658120002e-16,1.0000570825128186,3.9225170391989392,-1.1372480572014558,-0.8363389585634844,-0.3478878988727073,0.6577305104555146,-1.6871334365080005e-16,1.0000570825128186,3.9760427475030204,-0.9740780107751579,-0.7587547626347337,-0.3868763589990928,0.5474212394832706,-5.191179804640001e-17,1.0000570825128188,11.486161412977754,-0.35864754579431013,-0.35864754579431013,-0.35864754579431013,-0.2449369009604487,-2.8429820648848757e-16,1.0000570825128188,2.089302623416338,-1.44326856218029,-0.6709808863195263,-0.14610948015981512,0.5427050083034651,8.20246965225344e-17,1.0000570825128188,2.6758182517306826,-1.3050206604957382,-0.9402049324526063,-0.20776621052205846,0.9252919511077642
RefBldgSmallOfficeNew2004,-4.169166280601501e-16,1.0000570825128186,3.007488100233394,-1.3527321982922211,-0.6793317101390245,-0.3719233819461813,0.9839070201530182,3.049818135226001e-16,1.0000570825128186,0.9231266093354129,-1.1321676543955792,-1.1321676543955792,0.9231266093354129,0.9231266093354129,6.4889747558000015e-18,1.0000570825128186,4.98973273326937,-0.46228045253834643,-0.46228045253834643,-0.46228045253834643,-0.3029723360368581,0.0,0.0,0.0,0.0,0.0,0.0,0.0,-3.001150824557501e-17,1.0000570825128188,1.6216481456513578,-0.7833056650003333,-0.7833056650003333,-0.6418377937855279,1.6216481456513578,-5.061400309524001e-16,1.0000570825128186,1.6965189130074496,-0.8855087424580002,-0.6703397711692127,-0.4551707998804253,1.2661809704298745
RefBldgSmallOfficeNew2004,-1.2977949511600003e-17,1.0000570825128188,3.152336143500951,-1.3402504916741775,-0.6788367933774979,-0.3780847192570582,1.0203520845959866,-5.272291989087501e-17,1.0000570825128186,0.9281583292040078,-1.1206824669729059,-1.1206824669729059,0.9281583292040078,0.9281583292040078,7.786769706960002e-17,1.0000570825128186,5.315566976046021,-0.48121583538680385,-0.48121583538680385,-0.48121583538680385,-0.2525138857491906,0.0,0.0,0.0,0.0,0.0,0.0,0.0,-3.001150824557501e-17,1.0000570825128188,1.6216481456513578,-0.7833056650003333,-0.7833056650003333,-0.6418377937855279,1.6216481456513578,-5.061400309524001e-16,1.0000570825128186,1.6965189130074496,-0.8855087424580002,-0.6703397711692127,-0.4551707998804253,1.2661809704298745
RefBldgSmallOfficeNew2004,-2.644257212988501e-16,1.0000570825128186,3.051660629694495,-1.337211995357865,-0.6860531191732928,-0.3892757979463553,0.9915661949805687,-3.276932251679001e-16,1.0000570825128188,0.9247537077565217,-1.1209334611058486,-1.1209334611058486,0.9247537077565217,0.9247537077565217,-1.4275744462760003e-16,1.0000570825128186,4.935941950872258,-0.5039466810186057,-0.5039466810186057,-0.5039466810186057,-0.09364435209091052,0.0,0.0,0.0,0.0,0.0,0.0,0.0,-3.001150824557501e-17,1.0000570825128188,1.6216481456513578,-0.7833056650003333,-0.7833056650003333,-0.6418377937855279,1.6216481456513578,-5.061400309524001e-16,1.0000570825128186,1.6965189130074496,-0.8855087424580002,-0.6703397711692127,-0.4551707998804253,1.2661809704298745
RefBldgSmallOfficeNew2004,1.9669704728518757e-17,1.0000570825128188,3.1218100802165623,-1.3883847573043087,-0.6763229981674765,-0.35721053143867065,1.0155095869453121,6.488974755800001e-17,1.0000570825128188,0.9017507086309786,-1.1847011708095767,-1.1847011708095767,0.9017507086309786,0.9017507086309786,-2.2711411645300007e-17,1.0000570825128188,6.140859998058768,-0.4233012744637185,-0.4233012744637185,-0.4233012744637185,-0.39815947572309623,0.0,0.0,0.0,0.0,0.0,0.0,0.0,-3.001150824557501e-17,1.0000570825128188,1.6216481456513578,-0.7833056650003333,-0.7833056650003333,-0.6418377937855279,1.6216481456513578,-5.061400309524001e-16,1.0000570825128186,1.6965189130074496,-0.8855087424580002,-0.6703397711692127,-0.4551707998804253,1.2661809704298745
RefBldgSmallOfficeNew2004,7.786769706960002e-17,1.0000570825128188,3.0799136643185943,-1.386389665271083,-0.6736129407879125,-0.3598293515397581,1.021035364233208,1.0869032715965003e-16,1.0000570825128188,0.9146167511929202,-1.1514764227704792,-1.1514764227704792,0.9146167511929202,0.9146167511929202,-6.488974755800001e-17,1.0000570825128188,5.949470542177501,-0.4275225734915661,-0.4275225734915661,-0.4275225734915661,-0.3926769631213584,0.0,0.0,0.0,0.0,0.0,0.0,0.0,-3.001150824557501e-17,1.0000570825128188,1.6216481456513578,-0.7833056650003333,-0.7833056650003333,-0.6418377937855279,1.6216481456513578,-5.061400309524001e-16,1.0000570825128186,1.6965189130074496,-0.8855087424580002,-0.6703397711692127,-0.4551707998804253,1.2661809704298745
RefBldgStand-aloneRetailNew2004,-9.733462133700002e-17,1.0000570825128188,3.017761710410022,-1.345957208473138,-1.000302028513572,-0.1217664091197913,0.7719260636440091,2.2833079921971254e-16,1.000057082512819,0.812779678352225,-1.2395012777347867,-1.2395012777347867,0.8114277652860913,0.8125543595078694,-1.1031257084860003e-16,1.0000570825128186,5.341729697867905,-0.41754661064943616,-0.41754661064943616,-0.41754661064943616,-0.4029858407031417,-1.2977949511600003e-17,1.0000570825128188,4.944520969198024,-0.48257439690091714,-0.48257439690091714,-0.48257439690091714,-0.047784831238705194,1.7844680578450004e-16,1.0000570825128188,1.3182933892200241,-0.9933419154845571,-0.9933419154845571,-0.31344917880673906,1.3182933892200241,-1.2653500773810003e-16,1.0000570825128188,1.1659714135301935,-1.1770624872461974,-1.0208602271944383,-0.08364666688388192,1.1659714135301935
RefBldgStand-aloneRetailNew2004,-1.2977949511600003e-17,1.0000570825128186,3.101581509874987,-1.336087235441346,-0.9955629356098126,-0.12991921648611546,0.7496501526349757,1.7641900117331256e-17,1.0000570825128188,0.8129867096307102,-1.2358204041408625,-1.2358204041408625,0.8116373053711683,0.8116373053711683,-3.568936115690001e-17,1.0000570825128188,5.4438667860293934,-0.43054755534756073,-0.43054755534756073,-0.43054755534756073,-0.3999008347424624,-1.4275744462760003e-16,1.0000570825128186,5.699228386140647,-0.4449304716479277,-0.4449304716479277,-0.4449304716479277,-0.2148657449562288,1.7844680578450004e-16,1.0000570825128188,1.3182933892200241,-0.9933419154845571,-0.9933419154845571,-0.31344917880673906,1.3182933892200241,-1.2653500773810003e-16,1.0000570825128188,1.1659714135301935,-1.1770624872461974,-1.0208602271944383,-0.08364666688388192,1.1659714135301935
RefBldgStand-aloneRetailNew2004,1.6222436889500003e-17,1.0000570825128188,2.9575833586366937,-1.3232926551689816,-0.9923122961184986,-0.14334104655986357,0.7079361299408445,2.2701272622244067e-16,1.0000570825128188,0.8128923017870904,-1.2372858111708656,-1.2372858111708656,0.8115396998179852,0.8115396998179852,-1.6871334365080005e-16,1.0000570825128186,4.929706204966039,-0.4603790889702617,-0.4603790889702617,-0.4603790889702617,-0.38786577980745873,-2.5955899023200006e-17,1.0000570825128188,5.727078053452026,-0.42965174720335736,-0.42965174720335736,-0.42965174720335736,-0.311741518063617,1.7844680578450004e-16,1.0000570825128188,1.3182933892200241,-0.9933419154845571,-0.9933419154845571,-0.31344917880673906,1.3182933892200241,-1.2653500773810003e-16,1.0000570825128188,1.1659714135301935,-1.1770624872461974,-1.0208602271944383,-0.08364666688388192,1.1659714135301935
RefBldgStand-aloneRetailNew2004,-4.055609222375001e-16,1.0000570825128188,3.14534292409739,-1.3980968733709886,-1.0216565450917166,-0.0815684432635992,0.8921327077209337,-8.922340289225002e-17,1.0000570825128192,0.8124536587277911,-1.251364770681963,-1.251364770681963,0.8106500084917665,0.8124536587277911,-1.6222436889500003e-17,1.0000570825128188,7.03390450134659,-0.36876870633303277,-0.36876870633303277,-0.36876870633303277,-0.36876870633303277,-7.786769706960002e-17,1.0000570825128188,4.936498628389055,-0.5367408899202739,-0.5367408899202739,-0.5367408899202739,0.13047875586432012,1.7844680578450004e-16,1.0000570825128188,1.3182933892200241,-0.9933419154845571,-0.9933419154845571,-0.31344917880673906,1.3182933892200241,-1.2653500773810003e-16,1.0000570825128188,1.1659714135301935,-1.1770624872461974,-1.0208602271944383,-0.08364666688388192,1.1659714135301935
RefBldgStand-aloneRetailNew2004,-3.260709814789501e-16,1.0000570825128186,3.1103140957305744,-1.39839231772951,-1.0221904264366477,-0.07969540166235671,0.8972959915161653,9.814574318147503e-17,1.0000570825128188,0.8128114910180817,-1.2415756989567495,-1.2415756989567495,0.8110142262547161,0.8128114910180817,-1.4275744462760003e-16,1.0000570825128188,6.7708336919739,-0.36490889004379273,-0.36490889004379273,-0.36490889004379273,-0.36490889004379273,-5.191179804640001e-17,1.0000570825128186,5.575296435494004,-0.554530375933609,-0.554530375933609,-0.554530375933609,0.18155306077298106,1.7844680578450004e-16,1.0000570825128188,1.3182933892200241,-0.9933419154845571,-0.9933419154845571,-0.31344917880673906,1.3182933892200241,-1.2653500773810003e-16,1.0000570825128188,1.1659714135301935,-1.1770624872461974,-1.0208602271944383,-0.08364666688388192,1.1659714135301935
RefBldgStripMallNew2004,3.2444873779000007e-17,1.0000570825128188,3.2331557198265983,-1.4805953621758583,-0.920832880579205,-0.28438410859490043,0.6977579726541069,-8.983174427560628e-17,1.0000570825128186,0.8116364152854838,-1.2453580614893058,-1.2453580614893058,0.8116364152854838,0.8116364152854838,9.084564658120003e-17,1.0000570825128188,5.260490468086367,-0.4059528212063398,-0.4059528212063398,-0.4059528212063398,-0.4059528212063398,0.0,0.0,0.0,0.0,0.0,0.0,0.0,-1.1315149730426253e-16,1.000057082512819,1.3182933892200237,-0.9933419154845573,-0.9933419154845573,-0.3134491788067393,1.3182933892200237,1.7804124486226255e-16,1.0000570825128186,1.1659714135301933,-1.177062487246197,-1.0208602271944376,-0.08364666688388155,1.1659714135301933
RefBldgStripMallNew2004,1.4600193200550002e-17,1.0000570825128186,3.320278089953078,-1.4674805621290588,-0.9168217184066855,-0.291170701344687,0.6749984161156803,-3.3884615052943135e-16,1.0000570825128188,0.811962329742875,-1.2400677071852038,-1.2400677071852038,0.811962329742875,0.811962329742875,-3.893384853480001e-17,1.0000570825128188,5.363945017331501,-0.4156638511013627,-0.4156638511013627,-0.4156638511013627,-0.4156638511013627,0.0,0.0,0.0,0.0,0.0,0.0,0.0,-1.1315149730426253e-16,1.000057082512819,1.3182933892200237,-0.9933419154845573,-0.9933419154845573,-0.3134491788067393,1.3182933892200237,1.7804124486226255e-16,1.0000570825128186,1.1659714135301933,-1.177062487246197,-1.0208602271944376,-0.08364666688388155,1.1659714135301933
RefBldgStripMallNew2004,5.5156285424300014e-17,1.0000570825128188,3.1577136717008014,-1.4476022676931377,-0.9149952012135539,-0.3100655017495674,0.6244305210423152,2.4019345619515946e-16,1.000057082512819,0.81174834184064,-1.2414877313613688,-1.2414877313613688,0.81174834184064,0.81174834184064,6.488974755800001e-17,1.0000570825128186,4.879959156456167,-0.4463775985545548,-0.4463775985545548,-0.4463775985545548,-0.4404006607950897,0.0,0.0,0.0,0.0,0.0,0.0,0.0,-1.1315149730426253e-16,1.000057082512819,1.3182933892200237,-0.9933419154845573,-0.9933419154845573,-0.3134491788067393,1.3182933892200237,1.7804124486226255e-16,1.0000570825128186,1.1659714135301933,-1.177062487246197,-1.0208602271944376,-0.08364666688388155,1.1659714135301933
RefBldgStripMallNew2004,-1.4113520093865005e-16,1.0000570825128188,3.4895250487972516,-1.55851033977185,-0.934731300002596,-0.2544190828203894,0.8400444878908947,1.4356856647207504e-16,1.0000570825128186,0.8108194115862599,-1.2593810680028332,-1.2593810680028332,0.8108194115862599,0.8108194115862599,-1.4924641938340005e-16,1.0000570825128188,7.167624077534739,-0.36196133127376795,-0.36196133127376795,-0.36196133127376795,-0.36196133127376795,0.0,0.0,0.0,0.0,0.0,0.0,0.0,-1.1315149730426253e-16,1.000057082512819,1.3182933892200237,-0.9933419154845573,-0.9933419154845573,-0.3134491788067393,1.3182933892200237,1.7804124486226255e-16,1.0000570825128186,1.1659714135301933,-1.177062487246197,-1.0208602271944376,-0.08364666688388155,1.1659714135301933
RefBldgStripMallNew2004,4.055609222375001e-16,1.0000570825128188,3.343742114001494,-1.5637371932269823,-0.9381567464592376,-0.2535449085362729,0.8440793556420468,-2.838926455662501e-18,1.0000570825128186,0.8115871390962014,-1.244978906428628,-1.244978906428628,0.8115871390962014,0.8115871390962014,4.217833591270001e-17,1.0000570825128188,6.655149687810506,-0.359936798032334,-0.359936798032334,-0.359936798032334,-0.359936798032334,0.0,0.0,0.0,0.0,0.0,0.0,0.0,-1.1315149730426253e-16,1.000057082512819,1.3182933892200237,-0.9933419154845573,-0.9933419154845573,-0.3134491788067393,1.3182933892200237,1.7804124486226255e-16,1.0000570825128186,1.1659714135301933,-1.177062487246197,-1.0208602271944376,-0.08364666688388155,1.1659714135301933
RefBldgSuperMarketNew2004,2.3035860383090007e-16,1.0000570825128188,2.470892422358013,-1.5163435711151212,-0.8862752040799041,0.03687217064627181,0.7396906695753802,2.0845831403007505e-16,1.0000570825128188,0.6930202886472798,-1.5134905901122337,-1.5134905901122337,0.6930202886472798,0.6930202886472798,0.0,1.0000570825128188,6.96804821129247,-0.44026136862848003,-0.44026136862848003,-0.44026136862848003,-0.11346357112936056,0.0,0.0,0.0,0.0,0.0,0.0,0.0,-1.5654651598367505e-16,1.000057082512819,1.3203502341538882,-1.0362086103800117,-1.0362086103800117,-0.3431030678713015,1.3203502341538882,4.2705565111608763e-16,1.0000570825128188,1.15993153131755,-1.2734037147510677,-1.1136389288143702,-0.11818675617743962,1.15993153131755
RefBldgSuperMarketNew2004,-3.2444873779000007e-18,1.0000570825128188,2.512731653391673,-1.551142041492095,-0.8842779711717761,0.013169387657238955,0.7428778312271513,-1.9710260820742506e-16,1.0000570825128188,0.6969180081726295,-1.4915098825793711,-1.4915098825793711,0.6969180081726295,0.6969180081726295,-6.813423493590002e-17,1.0000570825128188,7.669092074350536,-0.4484029727730928,-0.4484029727730928,-0.4484029727730928,-0.10901807107145386,0.0,0.0,0.0,0.0,0.0,0.0,0.0,-1.5654651598367505e-16,1.000057082512819,1.3203502341538882,-1.0362086103800117,-1.0362086103800117,-0.3431030678713015,1.3203502341538882,4.2705565111608763e-16,1.0000570825128188,1.15993153131755,-1.2734037147510677,-1.1136389288143702,-0.11818675617743962,1.15993153131755
RefBldgSuperMarketNew2004,-9.733462133700003e-18,1.0000570825128188,2.48954194140987,-1.5582391002359628,-0.8900794600856499,0.0014241409975034392,0.7792271861975395,3.147152756563001e-16,1.0000570825128186,0.6969106727552868,-1.4885076778130766,-1.4885076778130766,0.6969106727552868,0.6969106727552868,-4.5422823290600014e-17,1.0000570825128186,6.970263776120953,-0.472448973878392,-0.472448973878392,-0.472448973878392,-0.08028102983597686,0.0,0.0,0.0,0.0,0.0,0.0,0.0,-1.5654651598367505e-16,1.000057082512819,1.3203502341538882,-1.0362086103800117,-1.0362086103800117,-0.3431030678713015,1.3203502341538882,4.2705565111608763e-16,1.0000570825128188,1.15993153131755,-1.2734037147510677,-1.1136389288143702,-0.11818675617743962,1.15993153131755
RefBldgSuperMarketNew2004,-6.813423493590002e-17,1.0000570825128186,2.587842779486685,-1.52281084714821,-0.9212105076396571,0.04976575820493308,0.7608878524747216,-1.5573539413920004e-16,1.0000570825128186,0.6820686922794709,-1.5889452714047239,-1.5889452714047239,0.6820686922794709,0.6820686922794709,-7.786769706960002e-17,1.0000570825128186,9.792485806732616,-0.39723679669107487,-0.39723679669107487,-0.39723679669107487,-0.16867043942045484,0.0,0.0,0.0,0.0,0.0,0.0,0.0,-1.5654651598367505e-16,1.000057082512819,1.3203502341538882,-1.0362086103800117,-1.0362086103800117,-0.3431030678713015,1.3203502341538882,4.2705565111608763e-16,1.0000570825128188,1.15993153131755,-1.2734037147510677,-1.1136389288143702,-0.11818675617743962,1.15993153131755
RefBldgSuperMarketNew2004,2.0115821742980006e-16,1.0000570825128188,2.565166639616739,-1.5193123972206444,-0.9079690467541777,0.0743919766170181,0.7425567150232989,-4.915398377518501e-16,1.0000570825128186,0.6904326056847796,-1.5423319390002483,-1.5423319390002483,0.6904326056847796,0.6904326056847796,-3.893384853480001e-17,1.0000570825128186,9.393768551227527,-0.3912894485412504,-0.3912894485412504,-0.3912894485412504,-0.16443297701492382,0.0,0.0,0.0,0.0,0.0,0.0,0.0,-1.5654651598367505e-16,1.000057082512819,1.3203502341538882,-1.0362086103800117,-1.0362086103800117,-0.3431030678713015,1.3203502341538882,4.2705565111608763e-16,1.0000570825128188,1.15993153131755,-1.2734037147510677,-1.1136389288143702,-0.11818675617743962,1.15993153131755
RefBldgWarehouseNew2004,1.6222436889500003e-16,1.0000570825128188,2.9349364652604866,-1.014857055255127,-0.6324784407033748,-0.5177971659449936,1.0719816704610867,-1.6871334365080005e-16,1.0000570825128186,1.240780088500526,-1.0878474675902023,-1.0878474675902023,-0.2991392944011981,1.2115700622027172,1.2329052036020004e-16,1.0000570825128188,8.606370850553603,-0.2840228399867242,-0.2840228399867242,-0.2840228399867242,-0.2840228399867242,0.0,0.0,0.0,0.0,0.0,0.0,0.0,1.8412465869582505e-16,1.0000570825128188,1.7545381848858124,-0.6461513409587555,-0.6461513409587555,-0.6461513409587555,1.1543658034264495,9.530681672581252e-17,1.0000570825128186,1.6945306099650375,-0.6726644055103767,-0.6726644055103767,-0.6726644055103767,1.398631233030245
RefBldgWarehouseNew2004,1.8047461039568754e-16,1.0000570825128188,3.0745288580823846,-1.005450053846618,-0.6255255479443559,-0.5267786327887157,1.0676011770941278,3.2444873779000007e-17,1.0000570825128188,1.253568618705426,-1.0473114006085846,-1.0473114006085846,-0.3189727886050223,1.2247273917705417,9.084564658120003e-17,1.0000570825128188,9.029221603368475,-0.2769918467901553,-0.2769918467901553,-0.2769918467901553,-0.2769918467901553,0.0,0.0,0.0,0.0,0.0,0.0,0.0,1.8412465869582505e-16,1.0000570825128188,1.7545381848858124,-0.6461513409587555,-0.6461513409587555,-0.6461513409587555,1.1543658034264495,9.530681672581252e-17,1.0000570825128186,1.6945306099650375,-0.6726644055103767,-0.6726644055103767,-0.6726644055103767,1.398631233030245
RefBldgWarehouseNew2004,1.8250241500687503e-18,1.0000570825128188,3.011213787137439,-1.0061406552800245,-0.6279496997461012,-0.5299887762322193,1.057538635112736,-3.893384853480001e-17,1.0000570825128188,1.2540988189962705,-1.042685120193432,-1.042685120193432,-0.33990645901005917,1.2253043341880614,-5.191179804640001e-17,1.0000570825128188,8.300532726813856,-0.29784516067076916,-0.29784516067076916,-0.29784516067076916,-0.29784516067076916,0.0,0.0,0.0,0.0,0.0,0.0,0.0,1.8412465869582505e-16,1.0000570825128188,1.7545381848858124,-0.6461513409587555,-0.6461513409587555,-0.6461513409587555,1.1543658034264495,9.530681672581252e-17,1.0000570825128186,1.6945306099650375,-0.6726644055103767,-0.6726644055103767,-0.6726644055103767,1.398631233030245
RefBldgWarehouseNew2004,3.812272669032501e-17,1.0000570825128188,2.853698456954192,-1.0239026685130688,-0.6482861761629729,-0.5167412889280171,1.1216451900654447,-8.435667182540002e-17,1.0000570825128188,1.2558326848864398,-1.0787360235740353,-1.0787360235740353,-0.2774534226005576,1.208486785996554,-5.840077280220001e-17,1.0000570825128188,11.313500718542187,-0.23369537313939528,-0.23369537313939528,-0.23369537313939528,-0.23369537313939528,0.0,0.0,0.0,0.0,0.0,0.0,0.0,1.8412465869582505e-16,1.0000570825128188,1.7545381848858124,-0.6461513409587555,-0.6461513409587555,-0.6461513409587555,1.1543658034264495,9.530681672581252e-17,1.0000570825128186,1.6945306099650375,-0.6726644055103767,-0.6726644055103767,-0.6726644055103767,1.398631233030245
RefBldgWarehouseNew2004,1.9385812082952506e-16,1.000057082512819,2.7281216724006736,-1.0210418480657197,-0.6446492117460031,-0.5212442484348212,1.132081867727888,-1.0706808347070003e-16,1.0000570825128188,1.2845001737318054,-1.0549648036509818,-1.0549648036509818,-0.3810056040046841,1.2369499842771503,-2.5955899023200006e-17,1.0000570825128186,10.632806416796306,-0.23617909119718922,-0.23617909119718922,-0.23617909119718922,-0.23617909119718922,0.0,0.0,0.0,0.0,0.0,0.0,0.0,1.8412465869582505e-16,1.0000570825128188,1.7545381848858124,-0.6461513409587555,-0.6461513409587555,-0.6461513409587555,1.1543658034264495,9.530681672581252e-17,1.0000570825128186,1.6945306099650375,-0.6726644055103767,-0.6726644055103767,-0.6726644055103767,1.398631233030245
